{
  "resolution": "main",
  "tree": {
    "src": "https://raw.githubusercontent.com/louy/typed-mongoose/27b2a9e2abed48013e17ddba6feac682c5281c3c/typings.json",
    "raw": "registry:npm/mongoose#4.3.5+20160622202516",
    "main": "index.d.ts",
    "version": "4.3.5",
    "global": false,
    "dependencies": {
      "mpromise": {
        "src": "https://raw.githubusercontent.com/typed-typings/npm-mpromise/a3585faef66f665f3af6ad4e773bbdd35b50a6a9/typings.json",
        "raw": "registry:npm/mpromise#0.5.5+20160524161901",
        "main": "index.d.ts",
        "version": "0.5.5",
        "global": false,
        "name": "mpromise",
        "type": "typings"
      }
    },
    "name": "mongoose",
    "type": "typings"
  }
}
