{
  "cvt": {
    "kinesis_data_stream": "##MISSING##",
    "max_cameras": 1,
    "all_streams": [
      {
        "kinesis_video_arn": "arn:aws:kinesisvideo:us-east-1:753274046439:stream/validation_demo_cvt_0/1542067456244",
        "kinesis_video_name": "validation_demo_cvt_0"
      }
    ],
    "region": "us-east-1"
  },
  "grpc": {},
  "proxy": {
    "use_proxy": "true",
    "proxy_host": "proxy-iil.intel.com",
    "proxy_port": "911"
  },
  "periodic_metadata": {
    "shared_storage_root": "C:\\home\\ubuntu\\mnt\\lustre",
    "dynamo_db_table": "IrelandDevPeriodicMetadataTable",
    "kinesis_data_stream": "ireland-dev-periodic-metadata-stream",
    "sqs_queue_url": "https://sqs.eu-west-1.amazonaws.com/753274046439/IrelandDevPeriodicMetadataQueue",
    "s3_bucket": "dev-ireland-periodic-metadata-bucket",
    "region": "eu-west-1"
  },
  "decode": {
    "kinesis_data_stream": "##MISSING##"
  },
  "software_tags": {
    "fd19_flink_jar": "latest",
    "flink_docker": "latest",
    "metadata_docker": "latest",
    "storage_image": "latest",
    "eks_node_image": "latest",
    "decoder_docker": "latest",
    "grpc_docker": "latest"
  },
  "active_till": "2018-12-31T23:59:00.000Z",
  "compute_clusters": {
    "decode": {
      "kibana_ui_logs": "##MISSING##",
      "logstash_endpoint": "fd19-validation-demo-logstash-07725e5a827d4463.elb.us-east-1.amazonaws.com:2100",
      "cluster_size": 1,
      "kibana_ui_metrics": "##MISSING##",
      "server_type": "m4.xlarge"
    },
    "fd19_flink": {
      "kibana_ui_logs": "##MISSING##",
      "cluster_size": 1,
      "flink_ui": "##MISSING##",
      "kibana_ui_metrics": "##MISSING##",
      "flink_jar_id": "##MISSING##",
      "type": "flink",
      "flink_jobmanager": "https://zvicyqmq7d.execute-api.us-east-1.amazonaws.com/fd19_flink",
      "logstash_endpoint": "fd19-validation-demo-logstash-07725e5a827d4463.elb.us-east-1.amazonaws.com:2101",
      "server_type": "m4.xlarge"
    }
  },
  "stadium_cameras": {
    "max_cameras": 1,
    "all_streams": [
      {
        "kinesis_video_arn": "arn:aws:kinesisvideo:us-east-1:753274046439:stream/validation_demo_stadium_cameras_0/1542067456579",
        "kinesis_video_name": "validation_demo_stadium_cameras_0"
      }
    ]
  },
  "shared_storage": {
    "default": {
      "kibana_ui_logs": "##MISSING##",
      "cluster_size": 1,
      "kibana_ui_metrics": "##MISSING##",
      "mount_point": "/mnt/lustre",
      "server_type": "i3.16xlarge"
    }
  },
  "virtual_cameras": {
    "output_s3_bucket": "intel-sports-fd19-us-east-1",
    "max_cameras": 1
  },
  "active_by": "2018-11-07T15:30:00.000Z",
  "region": "us-east-1",
  "deployment_status": "requested",
  "last_modified": "2018-11-20T00:05:27.096Z",
  "deployment_id": "validation_demo"
}